PUE,WUE,Climate Zone,Case,Quantile
1.17,0.77,1A,1,5th
1.17,0.80,2A,1,5th
1.13,0.47,2B,1,5th
1.13,0.41,3A,1,5th
1.11,0.26,3B,1,5th
1.09,0.00,3C,1,5th
1.11,0.27,4A,1,5th
1.10,0.05,4B,1,5th
1.09,0.00,4C,1,5th
1.10,0.20,5A,1,5th
1.09,0.04,5B,1,5th
1.10,0.15,6A,1,5th
1.08,0.01,6B,1,5th
1.10,0.07,7,1,5th
1.08,0.04,8,1,5th
1.11,1.76,1A,2,5th
1.10,1.75,2A,2,5th
1.08,1.75,2B,2,5th
1.09,1.75,3A,2,5th
1.08,1.74,3B,2,5th
1.07,1.75,3C,2,5th
1.08,1.74,4A,2,5th
1.08,1.74,4B,2,5th
1.07,1.74,4C,2,5th
1.08,1.74,5A,2,5th
1.08,1.74,5B,2,5th
1.08,1.73,6A,2,5th
1.08,1.73,6B,2,5th
1.08,1.73,7,2,5th
1.07,1.72,8,2,5th
1.47,1.60,1A,3,5th
1.44,1.53,2A,3,5th
1.39,1.01,2B,3,5th
1.40,1.08,3A,3,5th
1.39,0.95,3B,3,5th
1.31,0.08,3C,3,5th
1.38,0.97,4A,3,5th
1.38,0.58,4B,3,5th
1.30,0.09,4C,3,5th
1.37,0.87,5A,3,5th
1.38,0.76,5B,3,5th
1.37,1.06,6A,3,5th
1.34,0.40,6B,3,5th
1.38,1.05,7,3,5th
1.38,1.21,8,3,5th
1.30,2.03,1A,4,5th
1.29,2.02,2A,4,5th
1.27,2.01,2B,4,5th
1.27,2.01,3A,4,5th
1.27,2.01,3B,4,5th
1.26,2.01,3C,4,5th
1.27,2.01,4A,4,5th
1.29,2.00,4B,4,5th
1.27,2.00,4C,4,5th
1.27,2.00,5A,4,5th
1.29,2.00,5B,4,5th
1.27,2.00,6A,4,5th
1.28,1.99,6B,4,5th
1.27,1.99,7,4,5th
1.27,1.98,8,4,5th
1.50,2.51,1A,5,5th
1.49,2.48,2A,5,5th
1.48,2.44,2B,5,5th
1.48,2.44,3A,5,5th
1.48,2.42,3B,5,5th
1.47,2.42,3C,5,5th
1.47,2.42,4A,5,5th
1.48,2.40,4B,5,5th
1.47,2.41,4C,5,5th
1.47,2.41,5A,5,5th
1.48,2.39,5B,5,5th
1.46,2.39,6A,5,5th
1.47,2.37,6B,5,5th
1.46,2.37,7,5,5th
1.45,2.34,8,5,5th
1.62,0.019,1A,6,5th
1.58,0.016,2A,6,5th
1.59,0.012,2B,6,5th
1.47,0.013,3A,6,5th
1.54,0.012,3B,6,5th
1.32,0.002,3C,6,5th
1.43,0.013,4A,6,5th
1.43,0.008,4B,6,5th
1.31,0.002,4C,6,5th
1.40,0.012,5A,6,5th
1.41,0.010,5B,6,5th
1.38,0.013,6A,6,5th
1.34,0.005,6B,6,5th
1.38,0.014,7,6,5th
1.35,0.015,8,6,5th
1.73,0.02,1A,7,5th
1.65,0.02,2A,7,5th
1.75,0.02,2B,7,5th
1.59,0.02,3A,7,5th
1.66,0.02,3B,7,5th
1.51,0.02,3C,7,5th
1.54,0.02,4A,7,5th
1.56,0.02,4B,7,5th
1.49,0.02,4C,7,5th
1.51,0.02,5A,7,5th
1.53,0.02,5B,7,5th
1.49,0.02,6A,7,5th
1.48,0.02,6B,7,5th
1.46,0.02,7,7,5th
1.43,0.02,8,7,5th
1.71,2.85,1A,8,5th
1.69,2.80,2A,8,5th
1.68,2.76,2B,8,5th
1.68,2.76,3A,8,5th
1.68,2.72,3B,8,5th
1.67,2.73,3C,8,5th
1.67,2.73,4A,8,5th
1.69,2.69,4B,8,5th
1.66,2.71,4C,8,5th
1.67,2.71,5A,8,5th
1.68,2.68,5B,8,5th
1.66,2.68,6A,8,5th
1.67,2.66,6B,8,5th
1.66,2.66,7,8,5th
1.64,2.62,8,8,5th
1.94,0.025,1A,9,5th
1.86,0.025,2A,9,5th
1.96,0.025,2B,9,5th
1.78,0.025,3A,9,5th
1.87,0.025,3B,9,5th
1.69,0.025,3C,9,5th
1.72,0.025,4A,9,5th
1.75,0.025,4B,9,5th
1.66,0.025,4C,9,5th
1.68,0.025,5A,9,5th
1.71,0.025,5B,9,5th
1.65,0.025,6A,9,5th
1.65,0.025,6B,9,5th
1.62,0.025,7,9,5th
1.58,0.025,8,9,5th
1.99,0.025,1A,10,5th
1.95,0.025,2A,10,5th
2.02,0.025,2B,10,5th
1.92,0.025,3A,10,5th
1.98,0.025,3B,10,5th
1.85,0.025,3C,10,5th
1.89,0.025,4A,10,5th
1.92,0.025,4B,10,5th
1.85,0.025,4C,10,5th
1.88,0.025,5A,10,5th
1.91,0.025,5B,10,5th
1.87,0.025,6A,10,5th
1.88,0.025,6B,10,5th
1.86,0.025,7,10,5th
1.85,0.025,8,10,5th
1.34,2.36,1A,1,95th
1.31,1.80,2A,1,95th
1.25,1.12,2B,1,95th
1.25,1.15,3A,1,95th
1.23,0.77,3B,1,95th
1.23,1.14,3C,1,95th
1.22,0.83,4A,1,95th
1.20,0.32,4B,1,95th
1.20,0.55,4C,1,95th
1.21,0.71,5A,1,95th
1.20,0.30,5B,1,95th
1.20,0.52,6A,1,95th
1.18,0.11,6B,1,95th
1.20,0.52,7,1,95th
1.17,0.22,8,1,95th
1.29,2.63,1A,2,95th
1.25,2.62,2A,2,95th
1.20,2.62,2B,2,95th
1.21,2.62,3A,2,95th
1.19,2.61,3B,2,95th
1.18,2.61,3C,2,95th
1.20,2.61,4A,2,95th
1.19,2.61,4B,2,95th
1.18,2.61,4C,2,95th
1.20,2.61,5A,2,95th
1.19,2.60,5B,2,95th
1.19,2.60,6A,2,95th
1.19,2.60,6B,2,95th
1.19,2.60,7,2,95th
1.18,2.59,8,2,95th
1.76,2.88,1A,3,95th
1.71,2.45,2A,3,95th
1.67,2.13,2B,3,95th
1.67,1.99,3A,3,95th
1.69,2.62,3B,3,95th
1.59,1.51,3C,3,95th
1.64,1.93,4A,3,95th
1.68,2.29,4B,3,95th
1.53,0.83,4C,3,95th
1.64,1.91,5A,3,95th
1.68,2.16,5B,3,95th
1.64,1.93,6A,3,95th
1.63,1.82,6B,3,95th
1.65,2.12,7,3,95th
1.64,2.23,8,3,95th
1.64,3.02,1A,4,95th
1.59,3.01,2A,4,95th
1.51,3.00,2B,4,95th
1.53,3.00,3A,4,95th
1.51,3.00,3B,4,95th
1.49,3.00,3C,4,95th
1.51,3.00,4A,4,95th
1.53,2.99,4B,4,95th
1.50,2.99,4C,4,95th
1.51,2.99,5A,4,95th
1.53,2.99,5B,4,95th
1.50,2.99,6A,4,95th
1.52,2.98,6B,4,95th
1.50,2.98,7,4,95th
1.50,2.97,8,4,95th
1.79,3.74,1A,5,95th
1.78,3.69,2A,5,95th
1.77,3.64,2B,5,95th
1.77,3.64,3A,5,95th
1.76,3.60,3B,5,95th
1.75,3.62,3C,5,95th
1.75,3.61,4A,5,95th
1.78,3.58,4B,5,95th
1.75,3.59,4C,5,95th
1.75,3.59,5A,5,95th
1.77,3.56,5B,5,95th
1.74,3.56,6A,5,95th
1.76,3.54,6B,5,95th
1.74,3.54,7,5,95th
1.73,3.50,8,5,95th
2.25,0.074,1A,6,95th
2.02,0.062,2A,6,95th
2.06,0.053,2B,6,95th
1.78,0.052,3A,6,95th
1.98,0.064,3B,6,95th
1.60,0.037,3C,6,95th
1.70,0.048,4A,6,95th
1.71,0.058,4B,6,95th
1.55,0.021,4C,6,95th
1.65,0.048,5A,6,95th
1.68,0.055,5B,6,95th
1.61,0.052,6A,6,95th
1.58,0.046,6B,6,95th
1.59,0.055,7,6,95th
1.56,0.058,8,6,95th
2.45,0.10,1A,7,95th
2.25,0.10,2A,7,95th
2.44,0.10,2B,7,95th
2.10,0.10,3A,7,95th
2.25,0.10,3B,7,95th
1.91,0.10,3C,7,95th
1.99,0.10,4A,7,95th
2.03,0.10,4B,7,95th
1.86,0.10,4C,7,95th
1.92,0.10,5A,7,95th
1.96,0.10,5B,7,95th
1.87,0.10,6A,7,95th
1.85,0.10,6B,7,95th
1.79,0.10,7,7,95th
1.74,0.10,8,7,95th
2.08,4.29,1A,8,95th
2.05,4.22,2A,8,95th
2.03,4.15,2B,8,95th
2.02,4.15,3A,8,95th
2.01,4.09,3B,8,95th
2.00,4.11,3C,8,95th
2.00,4.11,4A,8,95th
2.02,4.05,4B,8,95th
1.99,4.08,4C,8,95th
1.99,4.07,5A,8,95th
2.02,4.03,5B,8,95th
1.98,4.03,6A,8,95th
1.99,4.01,6B,8,95th
1.97,4.01,7,8,95th
1.94,3.95,8,8,95th
2.69,0.103,1A,9,95th
2.45,0.103,2A,9,95th
2.68,0.103,2B,9,95th
2.27,0.103,3A,9,95th
2.46,0.103,3B,9,95th
2.05,0.103,3C,9,95th
2.14,0.103,4A,9,95th
2.19,0.103,4B,9,95th
1.99,0.103,4C,9,95th
2.05,0.103,5A,9,95th
2.11,0.103,5B,9,95th
2.00,0.103,6A,9,95th
1.99,0.103,6B,9,95th
1.92,0.103,7,9,95th
1.85,0.103,8,9,95th
2.52,0.103,1A,10,95th
2.45,0.103,2A,10,95th
2.57,0.103,2B,10,95th
2.39,0.103,3A,10,95th
2.49,0.103,3B,10,95th
2.28,0.103,3C,10,95th
2.35,0.103,4A,10,95th
2.38,0.103,4B,10,95th
2.28,0.103,4C,10,95th
2.33,0.103,5A,10,95th
2.36,0.103,5B,10,95th
2.31,0.103,6A,10,95th
2.31,0.103,6B,10,95th
2.28,0.103,7,10,95th
2.27,0.103,8,10,95th
1.14,0.08,1A,11,5th
1.08,1.58,1A,12,5th
1.14,0.08,2A,11,5th
1.07,1.57,2A,12,5th
1.10,0.05,2B,11,5th
1.05,1.57,2B,12,5th
1.10,0.04,3A,11,5th
1.06,1.57,3A,12,5th
1.08,0.03,3B,11,5th
1.05,1.57,3B,12,5th
1.06,0.00,3C,11,5th
1.05,1.57,3C,12,5th
1.08,0.03,4A,11,5th
1.05,1.57,4A,12,5th
1.07,0.01,4B,11,5th
1.05,1.57,4B,12,5th
1.06,0.00,4C,11,5th
1.05,1.57,4C,12,5th
1.07,0.02,5A,11,5th
1.05,1.57,5A,12,5th
1.06,0.00,5B,11,5th
1.05,1.57,5B,12,5th
1.07,0.01,6A,11,5th
1.05,1.56,6A,12,5th
1.05,0.00,6B,11,5th
1.05,1.56,6B,12,5th
1.07,0.05,7,11,5th
1.05,1.56,7,12,5th
1.05,0.00,8,11,5th
1.05,1.55,8,12,5th
1.31,0.24,1A,11,95th
1.26,2.37,1A,12,95th
1.28,0.18,2A,11,95th
1.22,2.36,2A,12,95th
1.22,0.11,2B,11,95th
1.17,2.36,2B,12,95th
1.22,0.11,3A,11,95th
1.18,2.36,3A,12,95th
1.20,0.08,3B,11,95th
1.16,2.35,3B,12,95th
1.20,0.11,3C,11,95th
1.15,2.35,3C,12,95th
1.19,0.08,4A,11,95th
1.17,2.35,4A,12,95th
1.17,0.03,4B,11,95th
1.16,2.35,4B,12,95th
1.17,0.06,4C,11,95th
1.15,2.35,4C,12,95th
1.18,0.07,5A,11,95th
1.17,2.35,5A,12,95th
1.17,0.03,5B,11,95th
1.16,2.34,5B,12,95th
1.17,0.05,6A,11,95th
1.16,2.34,6A,12,95th
1.15,0.01,6B,11,95th
1.16,2.34,6B,12,95th
1.17,0.05,7,11,95th
1.16,2.34,7,12,95th
1.14,0.02,8,11,95th
1.15,2.33,8,12,95th
